idx,license,mapping_type,map_name
0,MIT,spdx_id,MapExactID
1,Apache-2.0,spdx_id,MapExactID
15,GPL-3.0,spdx_id,MapExactID
16,,unknown,MapNA
123,,unknown,MapNA
196739,,unknown,MapNA
200,BSD-2-Clause,spdx_id,MapExactID
203,GPL-3.0,spdx_id,MapExactID
300,Apache-2.0,spdx_id,MapExactID
316,MIT,spdx_id,MapExactMatch
5898567,LGPL-2.0,spdx_id,MapExactID
382,MIT,spdx_id,MapExactID
328073,BSD-3-Clause-Clear,spdx_id,MapExactID
563,Apache-2.0,spdx_id,MapExactMatch
66318,EUPL-1.2,spdx_id,MapExactID
866,AGPL-3.0,spdx_id,MapExactID
910,EPL-2.0,spdx_id,MapExactMatch
3474467,,unknown,MapNA
5440573,WTFPL,spdx_id,MapExactMatch
3671239,Apache-2.0,spdx_id,MapExactMatch
1253,MIT,spdx_id,MapExactMatch
1257,WTFPL,spdx_id,MapExactID
2557181,Apache-2.0,spdx_id,MapExactMatch
1390,MPL-2.0,spdx_id,MapExactID
7603601,Apache-2.0,spdx_id,MapExactMatch
1967532,BSD-3-Clause,spdx_id,MapExactMatch
7210483,MPL-2.0-no-copyleft-exception,spdx_id,MapExactMatch
1575,MPL-2.0,spdx_id,MapExactID
3933762,MIT,spdx_id,MapExactMatch
1650,BSD-2-Clause,spdx_id,MapExactID
1651,BSD-3-Clause,spdx_id,MapExactID
3344303,Apache-2.0,spdx_id,MapExactMatch
2116,MIT,spdx_id,MapExactID
5245065,CC-BY-NC-SA-3.0,spdx_id,MapExactID
2209,GPL-2.0,spdx_id,MapExactID
7604521,EPL-1.0,spdx_id,MapExactMatch
264579,Apache-2.0,spdx_id,MapExactMatch
1116587,BSD-2-Clause-Patent,spdx_id,MapExactID
2624035,GPL-3.0,spdx_id,MapExactID
6032123,GPL-2.0,spdx_id,MapExactID
2822,ISC,spdx_id,MapExactID
2987,Unlicense,spdx_id,MapExactMatch
6228975,BSD-2-Clause,spdx_id,MapExactID
461886,AGPL-3.0,spdx_id,MapExactID
1707088,EUPL-1.1,spdx_id,MapExactID
7670975,AGPL-3.0-only,spdx_id,MapExactMatch
199877,MIT,spdx_id,MapExactMatch
3394,Unlicense,spdx_id,MapExactID
3083593,ISC,spdx_id,MapExactID
3425,BSD-3-Clause,spdx_id,MapExactID
3495,GPL-3.0,spdx_id,MapExactID
3804685,Apache-2.0,spdx_id,MapExactMatch
3411611,MPL-2.0,spdx_id,MapExactID
2363193,MIT,spdx_id,MapExactMatch
3411774,EUPL-1.2,spdx_id,MapExactMatch
4032,GPL-2.0,spdx_id,MapExactID
135152,MirOS,spdx_id,MapExactID
462834,NIST-Software,spdx_id,MapExactMatch
2166982,,unknown,MapNA
4570,MIT-0,spdx_id,MapExactID
7148188,CECILL-C,spdx_id,MapExactID
70454,GPL-3.0-or-later,spdx_id,MapExactID
4968,GPL-3.0,spdx_id,MapExactID
6624117,CC-BY-NC-ND-4.0,spdx_id,MapExactID
1381334,EUPL-1.1,spdx_id,MapExactMatch
70670,Apache-2.0,spdx_id,MapExactMatch
201759,BSD-4-Clause,spdx_id,MapExactID
2626643,CC-BY-NC-4.0,spdx_id,MapExactID
71025,AGPL-3.0-only,spdx_id,MapExactMatch
529828,Apache-2.0,spdx_id,MapExactMatch
1316337,,unknown,MapNA
7280117,NPOSL-3.0,spdx_id,MapExactMatch
5652,CC0-1.0,spdx_id,MapExactMatch
1119770,MIT,spdx_id,MapExactMatch
5696,GPL-3.0,spdx_id,MapExactID
5445250,GPL-3.0,spdx_id,MapExactMatch
6166149,GPL-3.0-or-later,spdx_id,MapExactID
726671,EPL-2.0,spdx_id,MapExactMatch
530075,WTFPL,spdx_id,MapExactMatch
5833,MPL-2.0-no-copyleft-exception,spdx_id,MapExactMatch
71421,EUPL-1.2,spdx_id,MapExactMatch
5909,CC-BY-SA-4.0,spdx_id,MapExactID
6068,GPL-3.0,spdx_id,MapExactID
268274,LGPL-3.0,spdx_id,MapExactID
6196,GPL-2.0,spdx_id,MapExactID
399516,AFL-1.1,spdx_id,MapExactID
3020972,LGPL-3.0,spdx_id,MapExactID
3283190,MIT,spdx_id,MapExactMatch
7543057,Apache-2.0,spdx_id,MapExactMatch
7543132,Apache-2.0,spdx_id,MapExactMatch
6615,GPL-2.0,spdx_id,MapExactID
6715,,unknown,MapNA
6298179,SimPL-2.0,spdx_id,MapExactID
5839466,OGL-UK-3.0,spdx_id,MapExactID
1579629,EPL-1.0,spdx_id,MapExactID
5446593,WTFPL,spdx_id,MapExactMatch
5381295,GPL-3.0-or-later,spdx_id,MapExactID
72963,CNRI-Python,spdx_id,MapExactMatch
7483,AGPL-3.0,spdx_id,MapExactID
5971293,Apache-2.0,spdx_id,MapExactID
2170296,BSD-2-Clause-FreeBSD,spdx_id,MapExactID
7645,GPL-2.0,spdx_id,MapExactID
531960,,unknown,MapNA
7697,Apache-2.0,spdx_id,MapExactMatch
73484,Apache-2.0,spdx_id,MapExactMatch
73661,BSD-3-Clause,spdx_id,MapExactMatch
8138,BSD-2-Clause,spdx_id,MapExactID
8195,BSD-3-Clause,spdx_id,MapExactID
401529,AGPL-3.0-only,spdx_id,MapExactMatch
2236603,AGPL-3.0-or-later,spdx_id,MapExactID
4530423,CC-BY-NC-SA-4.0,spdx_id,MapExactID
8513,Apache-2.0,spdx_id,MapExactMatch
2433360,BSD-3-Clause-Clear,spdx_id,MapExactID
2695746,CC-BY-NC-SA-2.0,spdx_id,MapExactID
139896,,unknown,MapNA
2499282,AGPL-3.0-only,spdx_id,MapExactMatch
8958,GPL-2.0,spdx_id,MapExactID
271305,BSD-3-Clause,spdx_id,MapExactID
1385434,Apache-2.0,spdx_id,MapExactID
205892,AGPL-3.0-or-later,spdx_id,MapExactID
402714,CECILL-B,spdx_id,MapExactID
6497582,GPL-1.0,spdx_id,MapExactID
9600,LGPL-3.0,spdx_id,MapExactID
9629,LGPL-3.0,spdx_id,MapExactID
2762247,CECILL-2.1,spdx_id,MapExactID
9756,Apache-2.0,spdx_id,MapExactMatch
3155545,NIST-Software,spdx_id,MapExactMatch
3155570,NIST-Software,spdx_id,MapExactMatch
3155576,NIST-Software,spdx_id,MapExactMatch
9952,ZPL-2.1,spdx_id,MapExactID
2107111,BSD-2-Clause,spdx_id,MapExactID
403223,BSD-2-Clause,spdx_id,MapExactID
4138825,CECILL-B,spdx_id,MapExactID
6629426,AGPL-3.0-only,spdx_id,MapExactMatch
7219353,GPL-3.0,spdx_id,MapExactID
1386841,CC0-1.0,spdx_id,MapExactMatch
207241,CC-BY-ND-4.0,spdx_id,MapExactID
6302303,GPL-2.0,spdx_id,MapExactID
2632319,Apache-2.0,spdx_id,MapExactID
5516016,,unknown,MapNA
4533162,BSD-3-Clause,spdx_id,MapExactID
6564961,Apache-2.0,spdx_id,MapExactMatch
11681,MIT,spdx_id,MapExactMatch
142829,CC-BY-4.0,spdx_id,MapExactID
6368942,MIT,spdx_id,MapExactMatch
6696632,NTIA-PD,spdx_id,MapExactMatch
995007,,unknown,MapNA
1322734,AGPL-3.0-only,spdx_id,MapExactMatch
339703,AGPL-3.0-only,spdx_id,MapExactMatch
12106,WTFPL,spdx_id,MapExactID
7352160,GPL-3.0-or-later,spdx_id,MapExactID
77833,0BSD,spdx_id,MapExactID
77867,MS-PL,spdx_id,MapExactID
2764939,EUPL-1.2,spdx_id,MapExactMatch
12504,GPL-3.0,spdx_id,MapExactID
143656,MPL-2.0-no-copyleft-exception,spdx_id,MapExactMatch
209368,LGPL-3.0,spdx_id,MapExactID
1651168,NCSA,spdx_id,MapExactMatch
1585634,BSD-3-Clause,spdx_id,MapExactMatch
12973,LGPL-2.1,spdx_id,MapExactID
13016,LGPL-2.0,spdx_id,MapExactID
2503401,Apache-2.0,spdx_id,MapExactID
6566727,GPL-3.0,spdx_id,MapExactID
209740,LGPL-3.0-only,spdx_id,MapExactID
13255,AGPL-3.0,spdx_id,MapExactID
6239241,BSD-3-Clause,spdx_id,MapExactID
865456,MIT,spdx_id,MapExactMatch
2307539,LGPL-2.0,spdx_id,MapExactID
7157257,GPL-3.0,spdx_id,MapExactID
144927,GPL-2.0,spdx_id,MapExactID
4929058,GPL-3.0,spdx_id,MapExactMatch
144944,GPL-2.0,spdx_id,MapExactID
5584495,CECILL-B,spdx_id,MapExactID
2373269,Beerware,spdx_id,MapExactID
79597,LGPL-3.0,spdx_id,MapExactID
5519239,GPL-3.0-only,spdx_id,MapExactID
1783691,BSD-2-Clause-Patent,spdx_id,MapExactID
2308011,CECILL-B,spdx_id,MapExactID
1718330,BUSL-1.1,spdx_id,MapExactID
1325159,MITNFA,spdx_id,MapExactID
14442,CC-BY-NC-ND-4.0,spdx_id,MapExactID
1587334,PostgreSQL,spdx_id,MapExactID
735387,Apache-2.0,spdx_id,MapExactMatch
14708,AGPL-3.0,spdx_id,MapExactID
1718742,EPL-2.0,spdx_id,MapExactMatch
4536835,CC-BY-3.0,spdx_id,MapExactID
1128998,Python-2.0,spdx_id,MapExactMatch
14892,BSD-3-Clause,spdx_id,MapExactID
14908,GPL-3.0,spdx_id,MapExactID
2571174,Zlib,spdx_id,MapExactMatch
15476,GPL-3.0,spdx_id,MapExactID
4930677,MPL-2.0-no-copyleft-exception,spdx_id,MapExactMatch
81015,,unknown,MapNA
5127589,AGPL-3.0-only,spdx_id,MapExactMatch
1588727,MIT,spdx_id,MapExactMatch
1588791,Unlicense,spdx_id,MapExactMatch
343652,LGPL-2.1,spdx_id,MapExactID
7552674,MIT,spdx_id,MapExactMatch
736954,Apache-2.0,spdx_id,MapExactID
1785964,Apache-2.0,spdx_id,MapExactMatch
1655235,X11-distribute-modifications-variant,spdx_id,MapExactID
3621353,GPL-2.0-or-later,spdx_id,MapExactID
475705,BSD-3-Clause-Clear,spdx_id,MapExactMatch
541310,EPL-2.0,spdx_id,MapExactMatch
17150,,unknown,MapNA
7619346,Apache-2.0,spdx_id,MapExactMatch
1327935,CC-BY-4.0,spdx_id,MapExactMatch
1786755,GPL-2.0-only,spdx_id,MapExactID
410729,LGPL-3.0-only,spdx_id,MapExactID
607450,GPL-3.0,spdx_id,MapExactID
2835805,etalab-2.0,spdx_id,MapExactID
607582,Apache-2.0,spdx_id,MapExactMatch
607583,Apache-2.0,spdx_id,MapExactMatch
4867561,Apache-2.0,spdx_id,MapExactMatch
214593,MIT,spdx_id,MapExactID
1853480,BSD-3-Clause,spdx_id,MapExactMatch
2181222,X11,spdx_id,MapExactMatch
280798,CC-BY-SA-4.0,spdx_id,MapExactID
18719,CECILL-B,spdx_id,MapExactID
608599,Apache-2.0,spdx_id,MapExactMatch
280973,LGPL-3.0,spdx_id,MapExactID
3164576,EUPL-1.2,spdx_id,MapExactMatch
84509,MIT,spdx_id,MapExactID
3099225,BSD-2-Clause,spdx_id,MapExactID
477791,GPL-2.0,spdx_id,MapExactID
1067638,Apache-2.0,spdx_id,MapExactMatch
2378421,WTFPL,spdx_id,MapExactMatch
215751,BSD-3-Clause,spdx_id,MapExactID
2640612,EPL-2.0,spdx_id,MapExactMatch
674598,Apache-2.0,spdx_id,MapExactMatch
19305,ISC,spdx_id,MapExactMatch
19331,MIT,spdx_id,MapExactMatch
1920278,CPL-1.0,spdx_id,MapExactMatch
6049073,LGPL-2.0,spdx_id,MapExactID
281925,HPND,spdx_id,MapExactID
1658523,LGPL-2.0,spdx_id,MapExactID
4935324,Apache-2.0,spdx_id,MapExactID
282357,ISC,spdx_id,MapExactMatch
478977,BSD-3-Clause,spdx_id,MapExactID
1855491,MIT,spdx_id,MapExactMatch
3821792,OLDAP-2.8,spdx_id,MapExactID
20854,Apache-2.0,spdx_id,MapExactMatch
5591527,OCLC-2.0,spdx_id,MapExactMatch
6640344,CC-BY-NC-ND-2.0,spdx_id,MapExactMatch
676693,MIT,spdx_id,MapExactMatch
283544,GPL-2.0-only,spdx_id,MapExactID
4019197,EUPL-1.1,spdx_id,MapExactID
5657728,MPL-2.0-no-copyleft-exception,spdx_id,MapExactMatch
808113,EUPL-1.2,spdx_id,MapExactID
1725786,CC-BY-ND-4.0,spdx_id,MapExactID
480662,GPL-3.0,spdx_id,MapExactID
1856972,MIT,spdx_id,MapExactID
480728,LGPL-3.0,spdx_id,MapExactID
3495498,Apache-2.0,spdx_id,MapExactID
22094,Apache-2.0,spdx_id,MapExactMatch
22231,AGPL-3.0-only,spdx_id,MapExactID
6575927,LGPL-2.1-or-later,spdx_id,MapExactID
1660792,MPL-2.0,spdx_id,MapExactID
153539,LGPL-3.0,spdx_id,MapExactID
4610212,GPL-3.0-or-later,spdx_id,MapExactID
5462332,NPL-1.0,spdx_id,MapExactID
350542,BSD-3-Clause-LBNL,spdx_id,MapExactID
547205,Apache-2.0,spdx_id,MapExactMatch
2054772,ZPL-2.1,spdx_id,MapExactID
1137288,AGPL-3.0-or-later,spdx_id,MapExactID
154275,CC-BY-3.0,spdx_id,MapExactMatch
1727249,Apache-2.0,spdx_id,MapExactMatch
5921676,Apache-2.0,spdx_id,MapExactMatch
1334222,Parity-6.0.0,spdx_id,MapExactMatch
285660,AGPL-3.0,spdx_id,MapExactID
1793343,BSD-2-Clause,spdx_id,MapExactID
1858931,LGPL-3.0,spdx_id,MapExactID
1334795,NCSA,spdx_id,MapExactMatch
220816,GPL-2.0-or-later,spdx_id,MapExactID
351937,CC-BY-NC-ND-4.0,spdx_id,MapExactID
24263,GPL-3.0-only,spdx_id,MapExactID
220880,CC0-1.0,spdx_id,MapExactID
5529320,GPL-3.0-only,spdx_id,MapExactID
1859384,GPL-2.0,spdx_id,MapExactID
286562,CC-BY-4.0,spdx_id,MapExactID
24837,AGPL-3.0,spdx_id,MapExactID
1597705,MIT,spdx_id,MapExactMatch
3301765,Apache-2.0,spdx_id,MapExactID
25013,,unknown,MapNA
1991177,Apache-2.0,spdx_id,MapExactID
4088350,OLFL-1.3,spdx_id,MapExactMatch
3236465,,unknown,MapNA
90834,CC-BY-NC-4.0,spdx_id,MapExactID
2253794,MIT-0,spdx_id,MapExactMatch
25744,CC-BY-NC-SA-4.0,spdx_id,MapExactID
25773,AGPL-3.0-only,spdx_id,MapExactMatch
25820,Apache-2.0,spdx_id,MapExactID
25845,BSL-1.0,spdx_id,MapExactMatch
1926412,AFL-3.0,spdx_id,MapExactID
157026,AGPL-3.0,spdx_id,MapExactID
2909647,BSL-1.0,spdx_id,MapExactMatch
5989863,MIT,spdx_id,MapExactID
91879,Apache-2.0,spdx_id,MapExactMatch
747281,EUPL-1.1,spdx_id,MapExactID
2451293,GPL-3.0,spdx_id,MapExactMatch
1927069,BSD-3-Clause-Clear,spdx_id,MapExactMatch
7104702,Apache-2.0,spdx_id,MapExactMatch
6449430,BSD-3-Clause,spdx_id,MapExactMatch
5663170,OSL-3.0,spdx_id,MapExactMatch
92677,CC-BY-3.0,spdx_id,MapExactID
4155959,MIT,spdx_id,MapExactMatch
224033,CC-BY-4.0,spdx_id,MapExactID
289675,ZPL-2.1,spdx_id,MapExactID
93478,,unknown,MapNA
2256190,BSD-3-Clause,spdx_id,MapExactID
2714950,MulanPSL-2.0,spdx_id,MapExactMatch
93554,Unlicense,spdx_id,MapExactID
28105,MIT,spdx_id,MapExactMatch
486911,LGPL-2.1-or-later,spdx_id,MapExactID
3305152,EPL-1.0,spdx_id,MapExactMatch
94254,ODbL-1.0,spdx_id,MapExactID
6582372,MIT,spdx_id,MapExactMatch
2847104,MPL-1.1,spdx_id,MapExactID
684503,Apache-2.0,spdx_id,MapExactMatch
6386155,BSD-3-Clause,spdx_id,MapExactID
7434752,GPL-3.0,spdx_id,MapExactID
5861964,AGPL-3.0-only,spdx_id,MapExactMatch
29367,GPL-3.0-or-later,spdx_id,MapExactID
2585310,AGPL-3.0-only,spdx_id,MapExactMatch
2650850,Apache-2.0,spdx_id,MapExactMatch
29424,WTFPL,spdx_id,MapExactMatch
226140,Artistic-2.0,spdx_id,MapExactMatch
95072,LGPL-2.0,spdx_id,MapExactID
2323302,Apache-2.0,spdx_id,MapExactID
160629,CC0-1.0,spdx_id,MapExactID
750640,CC-BY-3.0-US,spdx_id,MapExactID
1143900,Apache-2.0,spdx_id,MapExactMatch
5141698,AGPL-3.0,spdx_id,MapExactID
2127079,0BSD,spdx_id,MapExactMatch
29982,MIT,spdx_id,MapExactID
2848076,BSD-3-Clause,spdx_id,MapExactID
95572,CC-BY-NC-SA-4.0,spdx_id,MapExactID
4617563,GFDL-1.3-or-later,spdx_id,MapExactID
2323850,CC0-1.0,spdx_id,MapExactMatch
95628,AGPL-3.0,spdx_id,MapExactID
5993880,Unlicense,spdx_id,MapExactMatch
554512,LGPL-2.1,spdx_id,MapExactID
5666367,WTFPL,spdx_id,MapExactMatch
30291,Apache-2.0,spdx_id,MapExactMatch
2848412,Apache-2.0,spdx_id,MapExactMatch
30616,Unlicense,spdx_id,MapExactMatch
96290,Apache-2.0,spdx_id,MapExactID
4880700,NIST-PD,spdx_id,MapExactID
2455947,MIT,spdx_id,MapExactMatch
3176870,BSD-2-Clause-Patent,spdx_id,MapExactMatch
2062841,Apache-2.0,spdx_id,MapExactMatch
293382,MPL-1.1,spdx_id,MapExactMatch
752160,GPL-3.0,spdx_id,MapExactMatch
2325140,Apache-2.0,spdx_id,MapExactMatch
1014551,Apache-2.0,spdx_id,MapExactMatch
97213,CECILL-2.1,spdx_id,MapExactID
31754,GPL-3.0,spdx_id,MapExactID
2456673,GPL-3.0,spdx_id,MapExactID
4947246,APL-1.0,spdx_id,MapExactID
1015120,NGPL,spdx_id,MapExactMatch
1801569,AGPL-3.0,spdx_id,MapExactID
2129387,LGPLLR,spdx_id,MapExactID
2064012,AGPL-3.0-only,spdx_id,MapExactMatch
4226780,GPL-3.0,spdx_id,MapExactID
32658,GPL-3.0,spdx_id,MapExactID
425927,Unlicense,spdx_id,MapExactMatch
2129892,MIT,spdx_id,MapExactID
32886,LGPL-3.0,spdx_id,MapExactID
98430,AGPL-3.0-or-later,spdx_id,MapExactID
295133,CC-BY-4.0,spdx_id,MapExactID
33048,AGPL-3.0-only,spdx_id,MapExactMatch
4030854,Elastic-2.0,spdx_id,MapExactMatch
1802638,AGPL-3.0,spdx_id,MapExactID
33229,Apache-2.0,spdx_id,MapExactMatch
2589163,LGPL-2.1,spdx_id,MapExactID
229869,,unknown,MapNA
33382,ECL-2.0,spdx_id,MapExactID
4424453,Apache-2.0,spdx_id,MapExactMatch
1540983,BSD-3-Clause,spdx_id,MapExactID
295828,Unlicense,spdx_id,MapExactMatch
1672170,GPL-2.0-only,spdx_id,MapExactMatch
3376221,,unknown,MapNA
427116,GPL-2.0,spdx_id,MapExactID
34015,GPL-2.0,spdx_id,MapExactID
1672420,GPL-3.0-or-later,spdx_id,MapExactID
3310828,CC-BY-SA-4.0,spdx_id,MapExactMatch
361883,,unknown,MapNA
6129398,WTFPL,spdx_id,MapExactMatch
165872,AGPL-3.0,spdx_id,MapExactID
165879,LGPL-3.0,spdx_id,MapExactID
34878,CC-BY-NC-4.0,spdx_id,MapExactID
297033,Beerware,spdx_id,MapExactID
1149059,,unknown,MapNA
100502,LGPL-2.0,spdx_id,MapExactID
3049696,LGPL-2.0,spdx_id,MapExactID
3574020,GPL-2.0,spdx_id,MapExactID
35186,GPL-3.0,spdx_id,MapExactID
1018472,BSD-3-Clause,spdx_id,MapExactID
166664,AGPL-3.0,spdx_id,MapExactID
363527,GPL-3.0,spdx_id,MapExactID
1412231,MIT,spdx_id,MapExactID
36132,LGPL-2.1,spdx_id,MapExactID
2461004,AGPL-3.0-only,spdx_id,MapExactMatch
6393226,EFL-2.0,spdx_id,MapExactID
2723538,LGPL-2.1-or-later,spdx_id,MapExactID
5934939,LGPL-3.0,spdx_id,MapExactID
3837869,GD,spdx_id,MapExactMatch
2133963,Apache-2.0,spdx_id,MapExactMatch
2068494,GPL-3.0-only,spdx_id,MapExactMatch
2330704,EPICS,spdx_id,MapExactMatch
168080,EPL-2.0,spdx_id,MapExactID
37017,,unknown,MapNA
3707087,BSD-3-Clause,spdx_id,MapExactID
6263053,Beerware,spdx_id,MapExactMatch
1020234,BSD-2-Clause,spdx_id,MapExactID
2396491,BSD-3-Clause,spdx_id,MapExactMatch
6590808,Apache-2.0,spdx_id,MapExactMatch
4034941,SSPL-1.0,spdx_id,MapExactMatch
3183045,GPL-3.0,spdx_id,MapExactID
758247,GPL-3.0,spdx_id,MapExactID
6591137,CC-BY-NC-SA-3.0,spdx_id,MapExactID
37785,GPL-3.0,spdx_id,MapExactID
300120,NCSA,spdx_id,MapExactID
5805213,LGPL-3.0,spdx_id,MapExactID
2463053,Unlicense,spdx_id,MapExactMatch
759141,Elastic-2.0,spdx_id,MapExactID
5739919,Zlib,spdx_id,MapExactMatch
169652,CECILL-C,spdx_id,MapExactID
431803,LGPL-2.0-or-later,spdx_id,MapExactID
300755,LGPL-3.0-or-later,spdx_id,MapExactID
759565,CECILL-C,spdx_id,MapExactID
2529233,BSD-4-Clause,spdx_id,MapExactID
1742886,ISC,spdx_id,MapExactID
104519,AGPL-3.0,spdx_id,MapExactMatch
4954315,WTFPL,spdx_id,MapExactMatch
4954328,Apache-2.0,spdx_id,MapExactMatch
39177,MPL-2.0,spdx_id,MapExactID
3184950,WTFPL,spdx_id,MapExactID
5413233,WTFPL,spdx_id,MapExactMatch
367073,GPL-3.0,spdx_id,MapExactID
432613,ECL-2.0,spdx_id,MapExactID
301550,MulanPSL-2.0,spdx_id,MapExactID
760343,CC-BY-NC-3.0,spdx_id,MapExactID
1022518,BSL-1.0,spdx_id,MapExactID
39549,AGPL-3.0,spdx_id,MapExactID
694953,LGPL-2.1,spdx_id,MapExactID
2071282,CC-BY-NC-SA-4.0,spdx_id,MapExactID
170749,AGPL-3.0,spdx_id,MapExactID
433057,MIT,spdx_id,MapExactID
4889692,ECL-2.0,spdx_id,MapExactID
3447901,AGPL-3.0,spdx_id,MapExactID
826702,EPL-1.0,spdx_id,MapExactMatch
171351,BSD-4-Clause,spdx_id,MapExactID
40331,CC-BY-NC-3.0,spdx_id,MapExactID
40345,MIT,spdx_id,MapExactID
3645057,CC-BY-SA-4.0,spdx_id,MapExactID
302968,ZPL-2.0,spdx_id,MapExactID
303007,GPL-3.0,spdx_id,MapExactID
368612,CC-BY-SA-4.0,spdx_id,MapExactID
1023973,AGPL-3.0-only,spdx_id,MapExactMatch
368836,GPL-3.0,spdx_id,MapExactID
172282,LGPL-2.1,spdx_id,MapExactID
499969,,unknown,MapNA
1024340,LGPL-3.0,spdx_id,MapExactID
434548,BSD-3-Clause,spdx_id,MapExactMatch
696735,GPL-2.0-or-later,spdx_id,MapExactID
41477,BSD-3-Clause,spdx_id,MapExactID
7512945,AGPL-3.0-only,spdx_id,MapExactMatch
435164,LGPL-2.1-or-later,spdx_id,MapExactID
1025127,OGL-UK-3.0,spdx_id,MapExactMatch
435462,CC-BY-NC-SA-4.0,spdx_id,MapExactID
2729231,AGPL-3.0-only,spdx_id,MapExactID
42265,Zlib,spdx_id,MapExactID
2860347,CC-BY-NC-4.0,spdx_id,MapExactID
107902,Apache-2.0,spdx_id,MapExactID
828817,GPL-3.0,spdx_id,MapExactMatch
42532,Apache-2.0,spdx_id,MapExactMatch
108094,MIT,spdx_id,MapExactID
2991683,GPL-2.0,spdx_id,MapExactID
239252,,unknown,MapNA
108243,BSD-3-Clause-Clear,spdx_id,MapExactID
1877751,LGPL-3.0-or-later,spdx_id,MapExactID
5875491,Beerware,spdx_id,MapExactMatch
5154674,CC0-1.0,spdx_id,MapExactMatch
6072554,CC-BY-NC-SA-4.0,spdx_id,MapExactID
4172251,AGPL-3.0-only,spdx_id,MapExactMatch
2992675,MIT,spdx_id,MapExactID
830038,Beerware,spdx_id,MapExactMatch
43637,,unknown,MapNA
3189466,OSL-3.0,spdx_id,MapExactID
2075491,BSL-1.0,spdx_id,MapExactMatch
5483446,Libpng,spdx_id,MapExactID
175036,GPL-2.0,spdx_id,MapExactID
4631595,WTFPL,spdx_id,MapExactMatch
1682749,Elastic-2.0,spdx_id,MapExactMatch
44430,GPL-3.0,spdx_id,MapExactID
44584,Apache-2.0,spdx_id,MapExactMatch
5287468,NTIA-PD,spdx_id,MapExactMatch
4959877,GPL-2.0,spdx_id,MapExactID
4042427,NPOSL-3.0,spdx_id,MapExactID
2731787,CDDL-1.1,spdx_id,MapExactID
4501367,CC-BY-NC-SA-1.0,spdx_id,MapExactID
766164,EPL-2.0,spdx_id,MapExactID
831784,BSD-3-Clause,spdx_id,MapExactID
1159533,BSD-3-Clause,spdx_id,MapExactMatch
1356177,AGPL-3.0-only,spdx_id,MapExactMatch
6664686,Apache-2.0,spdx_id,MapExactID
307909,BSD-3-Clause,spdx_id,MapExactID
2863814,MIT,spdx_id,MapExactID
7648101,ZPL-1.1,spdx_id,MapExactID
242556,LGPL-3.0,spdx_id,MapExactID
2470894,EUPL-1.2,spdx_id,MapExactMatch
2470904,EUPL-1.2,spdx_id,MapExactMatch
4043939,MIT,spdx_id,MapExactID
1029579,MIT,spdx_id,MapExactMatch
5682685,Apache-2.0,spdx_id,MapExactMatch
571168,BSL-1.0,spdx_id,MapExactMatch
1357653,BSD-2-Clause,spdx_id,MapExactID
1030065,MIT,spdx_id,MapExactMatch
7059440,Python-2.0,spdx_id,MapExactID
3782859,GPL-3.0,spdx_id,MapExactID
4438301,BSD-3-Clause,spdx_id,MapExactMatch
3389744,AGPL-3.0-or-later,spdx_id,MapExactMatch
3193221,Elastic-2.0,spdx_id,MapExactMatch
4504002,Jam,spdx_id,MapExactID
2341360,GPL-3.0,spdx_id,MapExactID
4241927,AGPL-3.0-only,spdx_id,MapExactMatch
309804,MIT,spdx_id,MapExactMatch
1030745,MIT,spdx_id,MapExactID
178843,Apache-2.0,spdx_id,MapExactMatch
834289,PSF-2.0,spdx_id,MapExactID
47944,LGPL-3.0,spdx_id,MapExactID
572324,GPL-3.0,spdx_id,MapExactID
1751998,Apache-2.0,spdx_id,MapExactMatch
113703,,unknown,MapNA
6077482,AGPL-3.0,spdx_id,MapExactID
4963415,WTFPL,spdx_id,MapExactMatch
310422,Zlib,spdx_id,MapExactID
5029071,BSD-3-Clause-Modification,spdx_id,MapExactID
1359287,GPL-2.0,spdx_id,MapExactID
2145974,CC-BY-SA-3.0,spdx_id,MapExactID
507579,WTFPL,spdx_id,MapExactMatch
4636422,LGPL-3.0,spdx_id,MapExactID
1032092,Unlicense,spdx_id,MapExactMatch
49100,LGPL-3.0,spdx_id,MapExactID
5751000,EUPL-1.2,spdx_id,MapExactMatch
311523,Apache-2.0,spdx_id,MapExactMatch
115030,MIT,spdx_id,MapExactMatch
2539919,CC0-1.0,spdx_id,MapExactMatch
2474711,,unknown,MapNA
1753845,AGPL-3.0-only,spdx_id,MapExactMatch
443176,GPL-3.0,spdx_id,MapExactMatch
1426343,,unknown,MapNA
3064976,Apache-2.0,spdx_id,MapExactMatch
115907,MPL-2.0,spdx_id,MapExactMatch
1361105,GPL-3.0-or-later,spdx_id,MapExactID
443665,AGPL-3.0-only,spdx_id,MapExactMatch
574795,Apache-2.0,spdx_id,MapExactID
1557876,Apache-2.0,spdx_id,MapExactMatch
4048253,CPAL-1.0,spdx_id,MapExactID
5293558,CECILL-B,spdx_id,MapExactMatch
6473253,GPL-3.0-only,spdx_id,MapExactID
6604389,CECILL-2.0,spdx_id,MapExactID
313048,MIT,spdx_id,MapExactMatch
51075,CC0-1.0,spdx_id,MapExactMatch
4900804,AGPL-3.0-only,spdx_id,MapExactMatch
7587841,Apache-2.0,spdx_id,MapExactMatch
6080644,MPL-2.0,spdx_id,MapExactID
51447,Apache-2.0,spdx_id,MapExactMatch
575813,BSD-2-Clause,spdx_id,MapExactMatch
2542004,EPICS,spdx_id,MapExactMatch
3197366,BSD-3-Clause,spdx_id,MapExactMatch
2542013,EPICS,spdx_id,MapExactID
248459,CC-BY-SA-3.0,spdx_id,MapExactID
576142,GPL-3.0,spdx_id,MapExactID
1034985,BSD-2-Clause,spdx_id,MapExactID
6146823,GPL-2.0-or-later,spdx_id,MapExactID
1166126,GPL-3.0,spdx_id,MapExactID
5098404,Hippocratic-2.1,spdx_id,MapExactMatch
2083752,LGPL-3.0-or-later,spdx_id,MapExactID
445465,GLWTPL,spdx_id,MapExactID
3329541,,unknown,MapNA
3591845,CDDL-1.0,spdx_id,MapExactID
2871137,GPL-2.0,spdx_id,MapExactID
2871144,GPL-3.0,spdx_id,MapExactID
512119,LGPL-2.1,spdx_id,MapExactID
1364100,OSL-3.0,spdx_id,MapExactID
1560776,BSD-2-Clause,spdx_id,MapExactID
3002661,PolyForm-Noncommercial-1.0.0,spdx_id,MapExactID
1036791,X11,spdx_id,MapExactID
1102355,BSD-3-Clause-Clear,spdx_id,MapExactMatch
1168072,BlueOak-1.0.0,spdx_id,MapExactID
2020225,Beerware,spdx_id,MapExactID
1037193,AGPL-3.0,spdx_id,MapExactID
2020484,WTFPL,spdx_id,MapExactMatch
3855544,GPL-3.0-or-later,spdx_id,MapExactID
3069128,CECILL-C,spdx_id,MapExactID
4904137,MulanPSL-2.0,spdx_id,MapExactMatch
5166328,AGPL-3.0-or-later,spdx_id,MapExactID
2348368,Cube,spdx_id,MapExactID
316815,Apache-2.0,spdx_id,MapExactID
1562023,MIT-0,spdx_id,MapExactMatch
1889746,,unknown,MapNA
2741898,Apache-2.0,spdx_id,MapExactMatch
775873,JSON,spdx_id,MapExactMatch
4118395,GPL-3.0,spdx_id,MapExactID
5232947,PostgreSQL,spdx_id,MapExactID
2349423,BSD-2-Clause,spdx_id,MapExactMatch
776654,BSD-2-Clause,spdx_id,MapExactID
1825321,GPL-2.0,spdx_id,MapExactID
3005153,AGPL-1.0-or-later,spdx_id,MapExactID
3988307,AGPL-3.0-only,spdx_id,MapExactMatch
6282101,AGPL-3.0,spdx_id,MapExactID
5692373,MPL-2.0-no-copyleft-exception,spdx_id,MapExactMatch
4578466,LGPL-2.1,spdx_id,MapExactID
6676408,AGPL-3.0-only,spdx_id,MapExactMatch
122818,GPL-2.0-only,spdx_id,MapExactID
5496843,CECILL-2.1,spdx_id,MapExactMatch
254141,Zlib,spdx_id,MapExactID
254177,wxWindows,spdx_id,MapExactID
7463171,GPL-3.0,spdx_id,MapExactID
319852,LGPL-2.1-only,spdx_id,MapExactID
123276,Apache-2.0,spdx_id,MapExactMatch
1106387,Apache-2.0,spdx_id,MapExactMatch
58044,Unlicense,spdx_id,MapExactID
58074,GPL-3.0,spdx_id,MapExactID
58206,,unknown,MapNA
58215,MIT,spdx_id,MapExactID
1696800,BSD-2-Clause,spdx_id,MapExactID
976114,,unknown,MapNA
517374,MulanPSL-2.0,spdx_id,MapExactMatch
648546,BUSL-1.1,spdx_id,MapExactMatch
845398,LGPL-2.0,spdx_id,MapExactID
5695115,AGPL-3.0-only,spdx_id,MapExactMatch
5564125,MIT,spdx_id,MapExactID
5564225,GPL-2.0,spdx_id,MapExactID
5105753,PostgreSQL,spdx_id,MapExactMatch
190761,AGPL-3.0-only,spdx_id,MapExactMatch
453002,,unknown,MapNA
7596512,Python-2.0,spdx_id,MapExactMatch
5172033,EUPL-1.2,spdx_id,MapExactMatch
60768,LGPL-2.1,spdx_id,MapExactID
2944376,Apache-2.0,spdx_id,MapExactMatch
2551227,CC0-1.0,spdx_id,MapExactMatch
388693,Nokia,spdx_id,MapExactID
1371862,Apache-2.0,spdx_id,MapExactMatch
5762873,LPPL-1.3c,spdx_id,MapExactID
3862405,BSD-3-Clause,spdx_id,MapExactID
61342,AFL-3.0,spdx_id,MapExactID
7270491,CC-BY-4.0,spdx_id,MapExactID
2421057,MPL-1.1,spdx_id,MapExactID
5829073,BSD-2-Clause,spdx_id,MapExactMatch
5501402,WTFPL,spdx_id,MapExactMatch
7139810,MIT,spdx_id,MapExactID
389728,CECILL-B,spdx_id,MapExactMatch
4518588,Apache-2.0,spdx_id,MapExactMatch
2749144,Artistic-2.0,spdx_id,MapExactID
62189,Apache-2.0,spdx_id,MapExactID
1110999,BSD-3-Clause-Attribution,spdx_id,MapExactMatch
521247,BUSL-1.1,spdx_id,MapExactID
587317,Apache-2.0,spdx_id,MapExactMatch
3798652,SSPL-1.0,spdx_id,MapExactID
7599793,GPL-3.0,spdx_id,MapExactID
5568299,AGPL-3.0,spdx_id,MapExactID
3798867,MIT,spdx_id,MapExactID
63673,CECILL-2.1,spdx_id,MapExactID
4192441,AGPL-3.0-only,spdx_id,MapExactMatch
719047,CECILL-2.1,spdx_id,MapExactID
63870,Apache-2.0,spdx_id,MapExactMatch
5503379,CECILL-B,spdx_id,MapExactID
194977,CC0-1.0,spdx_id,MapExactID
129485,,unknown,MapNA
3602935,Apache-2.0,spdx_id,MapExactMatch
3668499,Elastic-2.0,spdx_id,MapExactID
1767959,BSL-1.0,spdx_id,MapExactID
2620052,LGPL-3.0,spdx_id,MapExactID
1112757,Apache-2.0,spdx_id,MapExactMatch
3930880,Unlicense,spdx_id,MapExactMatch
523138,AGPL-3.0-only,spdx_id,MapExactMatch
64538,GPL-2.0,spdx_id,MapExactID
4127809,BSD-2-Clause,spdx_id,MapExactMatch
4521029,GPL-2.0,spdx_id,MapExactID
1572022,CC-BY-SA-4.0,spdx_id,MapExactID
64746,MIT,spdx_id,MapExactMatch
589062,Apache-2.0,spdx_id,MapExactMatch
1572155,Artistic-2.0,spdx_id,MapExactID
3997224,CC-BY-4.0,spdx_id,MapExactID
5308167,CC-BY-SA-4.0,spdx_id,MapExactID
1703763,MIT,spdx_id,MapExactID
65509,BSD-3-Clause,spdx_id,MapExactID
131058,JSON,spdx_id,MapExactMatch
